algoritmo,N,p,tiempo
secuencial,600000,1,0.8391618680509277
secuencial,600000,1,0.8111999807883274
secuencial,600000,1,0.8045559795019717
mpi,600000,1,0.81476914007919
mpi,600000,1,0.8274281536151848
mpi,600000,1,0.8220799929236997
mpi,600000,2,0.4280781151664207
mpi,600000,2,0.4194124107317777
mpi,600000,2,0.4318799341145997
mpi,600000,4,0.2539612627753683
mpi,600000,4,0.2524855539332445
mpi,600000,4,0.2715156525727114
mpi,600000,6,0.2075273525294534
mpi,600000,6,0.19629355761596956
mpi,600000,6,0.2031087733058976
secuencial,1200000,1,3.1666022083394125
secuencial,1200000,1,3.332655228716974
secuencial,1200000,1,3.186832592827968
mpi,1200000,1,3.1247616532793767
mpi,1200000,1,3.1189208024620747
mpi,1200000,1,3.2196378029322084
mpi,1200000,2,1.718242523100037
mpi,1200000,2,1.7748871342793433
mpi,1200000,2,1.830016827514036
mpi,1200000,4,1.0295376525346014
mpi,1200000,4,1.0108093589523575
mpi,1200000,4,1.0917439110754916
mpi,1200000,6,0.8007621034941172
mpi,1200000,6,0.7672727529739035
mpi,1200000,6,0.7637693100339789
secuencial,2400000,1,12.300350886848845
secuencial,2400000,1,12.963130933379956
secuencial,2400000,1,13.173861586384596
mpi,2400000,1,12.700364757503596
mpi,2400000,1,12.241315463874507
mpi,2400000,1,12.648472686728368
mpi,2400000,2,7.38926945168903
mpi,2400000,2,7.060496498949793
mpi,2400000,2,7.371639177839988
mpi,2400000,4,4.3100843561295505
mpi,2400000,4,3.956776105128213
mpi,2400000,4,4.251820276853841
mpi,2400000,6,3.258147318088504
mpi,2400000,6,3.2118305057308145
mpi,2400000,6,3.125384060784814
